temporada,cliente,producto,especie,variedad,pdf,url_estudio,url_pdf
2023 – 2024,Adama,LIGHT UP,Cerezo,Santina,2023_2024__ADAMA__LIGHT_UP__CEREZO__SANTINA.pdf,https://ceresearch.com/estudios/ensayo-adama-light-up/,https://ceresearch.com/wp-content/uploads/2024/10/2324041.-INFORME.-ADAMA.-LIGHT-UP.-DORMANCIA-CEREZOS.pdf
2019-2020,BioApply,Ca APPLY,Durazno,Pomona,2019-2020__BIOAPPLY__CA_APPLY__DURAZNO__POMONA.pdf,https://ceresearch.com/estudios/ensayo-bioapply-ca-apply/,https://ceresearch.com/wp-content/uploads/2022/08/Producto_-Ca-Apply-1fa5bb5c8be2e7e0d0ef0594c651111f.pdf
2016-2017,Chemie,SIBERIO,Cerezo,Bing,2016-2017__CHEMIE__SIBERIO__CEREZO__BING.pdf,https://ceresearch.com/estudios/ensayo-chemie-siberio-3/,https://ceresearch.com/wp-content/uploads/2022/08/Producto-Siberio-5c4f8c36f908cc0c6dba7402fd7807d4.pdf
2017-2018,Compo expert,VITANICA RZ,Manzano,Pink lady,2017-2018__COMPO_EXPERT__VITANICA_RZ__MANZANO__PINK_LADY.pdf,https://ceresearch.com/estudios/ensayo-compo-expert-vitanica-rz/,https://ceresearch.com/wp-content/uploads/2022/09/INFORME.COMPO_.MANZANO.OJO-DE-BUEY.2017-2018.pdf
2024-2025,Corteva Biologicals,X-CYTE,Cerezo,Santina,2024-2025__CORTEVA_BIOLOGICALS__X-CYTE__CEREZO__SANTINA.pdf,https://ceresearch.com/estudios/ensayo-corteva-biologicals-x-cyte-2/,https://ceresearch.com/wp-content/uploads/2025/11/2425020.-INFORME.-CORTEVA.-X-CYTE.-CALIBRE-CEREZO-SANTINA.pdf
2019-2020,Humic,GUIZUFRE,Nectarín,Artic snow,2019-2020__HUMIC__GUIZUFRE__NECTARIN__ARTIC_SNOW.pdf,https://ceresearch.com/estudios/ensayo-humic-guizufre/,https://ceresearch.com/wp-content/uploads/2022/08/Producto_-Guizufre-97ef76c48dd03abd9485ef545fb28572.pdf
2017-2018,Humic,ZHIMAD,Durazno,Zee lady,2017-2018__HUMIC__ZHIMAD__DURAZNO__ZEE_LADY.pdf,https://ceresearch.com/estudios/ensayo-humic-zhimad/,https://ceresearch.com/wp-content/uploads/2022/08/Producto_-Zhimad-64c5f600070bf0c58875bedc095ce9ad.pdf
2020-2021,Stoller,PROSTART PLUS,Cerezo,Regina,2020-2021__STOLLER__PROSTART_PLUS__CEREZO__REGINA.pdf,https://ceresearch.com/estudios/ensayo-stoller-prostart-plus-5/,https://ceresearch.com/wp-content/uploads/2022/09/INFORME.2021046.-STOLLER.PROSTART-PLUS.REGINA-CEREZOS.pdf
2019-2020,Tattersall / Daymsa,SYNCRON,Cerezo,Lapins,2019-2020__TATTERSALL_DAYMSA__SYNCRON__CEREZO__LAPINS.pdf,https://ceresearch.com/estudios/ensayo-tattersall-daymsa-syncron-2/,https://ceresearch.com/wp-content/uploads/2022/09/1920018-Tattersal-Syncron-Lapins.pdf
2017-2018,Tavan,WERT,Ciruelo europeo,D’Agen,2017-2018__TAVAN__WERT__CIRUELO_EUROPEO__DAGEN.pdf,https://ceresearch.com/estudios/ensayo-tavan-wert/,https://ceresearch.com/wp-content/uploads/2022/08/Producto_-Wert-557baa1700892e4512d220726afe8c03.pdf
2018-2019,Vals,NITROBRAKE,Ciruelo japonés,Angeleno,2018-2019__VALS__NITROBRAKE__CIRUELO_JAPONES__ANGELENO.pdf,https://ceresearch.com/estudios/ensayo-vals-nitrobrake-6/,https://ceresearch.com/wp-content/uploads/2022/08/Producto_-Nitrobrake-249c09b3eb6110939e6c559134001ef4.pdf
NA,CER,«TRANSFERENCIA DE EVALUACIÓN DE VARIEDADES DE HORTALIZAS EXPORTABLES»,Melón,NA,NA__CER__TRANSFERENCIA_DE_EVALUACION_DE_VARIEDADES_DE_HORTALIZAS_EXPORTABLES__MELON__NA.pdf,https://ceresearch.com/estudios/proyecto-transferencia-de-evaluacion-de-variedades-de-hortalizas-exportables-2/,https://ceresearch.com/wp-content/uploads/2022/08/Manual-te╠ucnico-del-Melo╠un-515a2cc3ba624d5f423e4553fc47c47e.pdf
2016-2017,Adama,CORMORAN EC Y RIMON 10 EC,Nogal,Chandler,2016-2017__ADAMA__CORMORAN_EC_Y_RIMON_10_EC__NOGAL__CHANDLER.pdf,https://ceresearch.com/estudios/ensayo-adama-cormoran-ec-y-rimon-10-ec/,https://ceresearch.com/wp-content/uploads/2022/08/Producto_-Cormoran-4a9e43f765fecec21ae7e9fb4d0e125a.pdf
2015-2016,AminoChem,AMINOTERRA,Nogal,Chandler,2015-2016__AMINOCHEM__AMINOTERRA__NOGAL__CHANDLER.pdf,https://ceresearch.com/estudios/ensayo-aminochem-aminoterra-2/,https://ceresearch.com/wp-content/uploads/2022/08/Informe-Aminochem-4ba296413c912351c45aabe920ff5c72.pdf
2015-2016,Arysta,SIGNAFRESH,Cerezo,Royal dawn,2015-2016__ARYSTA__SIGNAFRESH__CEREZO__ROYAL_DAWN.pdf,https://ceresearch.com/estudios/ensayo-arysta-signafresh/,https://ceresearch.com/wp-content/uploads/2022/08/Ensayo-Arysta-27943023a66dd7d6d685deb14ceafb91.pdf
2022-2023,Bayer,BAYFOLAN,Cerezo,Lapins,2022-2023__BAYER__BAYFOLAN__CEREZO__LAPINS.pdf,https://ceresearch.com/estudios/ensayo-bayer-bayfolan-2/,https://ceresearch.com/wp-content/uploads/2023/08/2223075.-INFORME.-BAYER.-BAYFOLAN-ALGAE.-CALIBRE-CEREZO.pdf
2015-2016,BioAtlantis,SUPERFIFTY,Cerezo,Bing,2015-2016__BIOATLANTIS__SUPERFIFTY__CEREZO__BING.pdf,https://ceresearch.com/estudios/ensayo-bioatlantis-superfifty/,https://ceresearch.com/wp-content/uploads/2022/08/Ensayo-Zimex-7a16ee1eeb27281515da4f5c0ca1cfe9.pdf
2023-2024,Corteva Biologicals,X-CYTE,Cerezo,Santina,2023-2024__CORTEVA_BIOLOGICALS__X-CYTE__CEREZO__SANTINA.pdf,https://ceresearch.com/estudios/ensayo-corteva-biologicals-x-cyte/,https://ceresearch.com/wp-content/uploads/2024/10/2324019.-INFORME.-CORTEVA-BIOLOGICALS.-X-CYTE.-CALIBRE-CEREZOS.pdf
2021-2022,Sipcam,ABYSS EXTRA,Cerezo,Regina,2021-2022__SIPCAM__ABYSS_EXTRA__CEREZO__REGINA.pdf,https://ceresearch.com/estudios/ensayo-sipcam-abyss-extra/,https://ceresearch.com/wp-content/uploads/2023/06/2122109.-INFORME.-SIPCAM.-ABYSS-EXTRA.-PRODUCCION-CEREZO-V2-1.pdf
2021-2022,BioAtlantis,BIO-HOLD,Cerezo,Regina,2021-2022__BIOATLANTIS__BIO-HOLD__CEREZO__REGINA.pdf,https://ceresearch.com/estudios/ensayo-stoller-bio-hold-3/,https://ceresearch.com/wp-content/uploads/2022/09/2122084.-INFORME.-STOLLER.-BIO-HOLD.-PRODUCCION-CEREZOS.pdf
2022-2023,Stoller,FLOWER POWER y BIO HOLD,Nogal,Chandler,2022-2023__STOLLER__FLOWER_POWER_Y_BIO_HOLD__NOGAL__CHANDLER.pdf,https://ceresearch.com/estudios/ensayo-stoller-flower-power-y-bio-hold/,https://ceresearch.com/wp-content/uploads/2023/08/2223055.-INFORME.-STOLLER.-FLOWER-POWER_BIO-HOLD.-CUAJA-NOGAL.pdf
(2014-2015)-(2015-2016),Valent,UNICONAZOLE-P,Cerezo,Bing,2014-2015_-_2015-2016__VALENT__UNICONAZOLE-P__CEREZO__BING.pdf,https://ceresearch.com/estudios/ensayo-valent-uniconazole-p/,https://ceresearch.com/wp-content/uploads/2022/08/Ensayo-Valent-61d35cbf6c61bd091a713227c2a948f1.pdf
2017-2018,Vals,NITROBRAKE,Cerezo,Lapins,2017-2018__VALS__NITROBRAKE__CEREZO__LAPINS.pdf,https://ceresearch.com/estudios/ensayo-vals-nitrobrake-7/,https://ceresearch.com/wp-content/uploads/2022/08/Producto_-Nitrobrake-563604b5c2f9064458f518c33a8af69d.pdf
NA,CER,«TRANSFERENCIA DE EVALUACIÓN DE VARIEDADES DE HORTALIZAS EXPORTABLES»,Tomate,NA,NA__CER__TRANSFERENCIA_DE_EVALUACION_DE_VARIEDADES_DE_HORTALIZAS_EXPORTABLES__TOMATE__NA.pdf,https://ceresearch.com/estudios/proyecto-transferencia-de-evaluacion-de-variedades-de-hortalizas-exportables-3/,https://ceresearch.com/wp-content/uploads/2022/08/Manual-te╠ucnico-del-Tomate-3d4d609cb76f19d8cb37bd174a18154d.pdf
2023 – 2024,Agrotrust,PENERGETIC B y PENERGETIC P,Manzano,Rosy glow,2023_2024__AGROTRUST__PENERGETIC_B_Y_PENERGETIC_P__MANZANO__ROSY_GLOW.pdf,https://ceresearch.com/estudios/ensayo-agrotrust-penergetic-b-y-penergetic-p/,https://ceresearch.com/wp-content/uploads/2024/10/2223011.-INFORME.-AGROTRUST.-PENERGETIC.-FERTILIZACION-MANZANO-TEMPORADA-23-24-V4.pdf
2020-2021,BioApply,Ca APPLY,Palto,Hass,2020-2021__BIOAPPLY__CA_APPLY__PALTO__HASS.pdf,https://ceresearch.com/estudios/ensayo-bioapply-ca-apply-3/,https://ceresearch.com/wp-content/uploads/2022/08/Producto_-Ca-Apply-458081cd8a26e3074ea9e64f29cffbc3.pdf
2024-2025,Haygrove,MACRTÚNEL TOTAL VENT,Cerezo,Santina,2024-2025__HAYGROVE__MACRTUNEL_TOTAL_VENT__CEREZO__SANTINA.pdf,https://ceresearch.com/estudios/ensayo-haygrove-macrotunel-total-vent/,https://ceresearch.com/wp-content/uploads/2025/10/2425005.-INFORME.-HAYGROVE.-DORMANCIA.-CEREZO.pdf
2016-2017,Mipagro,SUNTEC,Ciruelo japonés,Red heart,2016-2017__MIPAGRO__SUNTEC__CIRUELO_JAPONES__RED_HEART.pdf,https://ceresearch.com/estudios/ensayo-mipagro-suntec/,https://ceresearch.com/wp-content/uploads/2022/08/Ensayo-MipAgro-d05117be5a97588d2596c37176759311.pdf
2018-2019,Stoller,PROSTART PLUS,Cerezo,Regina,2018-2019__STOLLER__PROSTART_PLUS__CEREZO__REGINA.pdf,https://ceresearch.com/estudios/ensayo-stoller-prostart-plus-3/,https://ceresearch.com/wp-content/uploads/2022/09/1819033.-Informe-Stoller.-Prostart-Plus.-Cerezo.-Regina.-2018-2019.pdf
2021-2022,Stoller,PROSTART PLUS,Cerezo,Santina,2021-2022__STOLLER__PROSTART_PLUS__CEREZO__SANTINA.pdf,https://ceresearch.com/estudios/ensayo-stoller-prostart-plus-7/,https://ceresearch.com/wp-content/uploads/2022/09/2122015.-INFORME.-STOLLER.-PROSTART-PLUS.-DORMANCIA-CEREZO.pdf
2021-2022,SUMMITAGRO,MAMULL WP,Cerezo,Lapins,2021-2022__SUMMITAGRO__MAMULL_WP__CEREZO__LAPINS.pdf,https://ceresearch.com/estudios/ensayo-summit-agro-mamull-wp/,https://ceresearch.com/wp-content/uploads/2023/07/2122012.-INFORME.-SUMMIT-AGRO.-MAMULL.-ENFERMEDADES-DE-LA-MADERA-CEREZO-V2.pdf
2020-2021,Tattersall /Daymsa,SYNCRON,Cerezo,Lapins,2020-2021__TATTERSALL_DAYMSA__SYNCRON__CEREZO__LAPINS.pdf,https://ceresearch.com/estudios/ensayo-tattersall-daymsa-syncron-3/,https://ceresearch.com/wp-content/uploads/2022/09/2021010.TATTERSALL-DAYMSA.-SYNCRON.-LAPINS.-INFORME..pdf
2015-2016,Valent,RETAIN,Ciruelo europeo,D’Agen,2015-2016__VALENT__RETAIN__CIRUELO_EUROPEO__DAGEN.pdf,https://ceresearch.com/estudios/ensayo-valent-retain-3/,https://ceresearch.com/wp-content/uploads/2022/08/Ensayo-Valent-de48a0b4aebd5b7949bedd074b72799c.pdf
2016-2017,Zimex,SUPERFIFTY,Ciruelo japones,Larry ann,2016-2017__ZIMEX__SUPERFIFTY__CIRUELO_JAPONES__LARRY_ANN.pdf,https://ceresearch.com/estudios/ensayo-zimex-superfifty/,https://ceresearch.com/wp-content/uploads/2022/08/Producto_-Super-Fifty-dcac816c086af184293c1e5ec3b304f0.pdf
2022 – 2023,AGRÍCOLA REGIA,COMPOST,Cerezo,Santina,2022_2023__AGRICOLA_REGIA__COMPOST__CEREZO__SANTINA.pdf,https://ceresearch.com/estudios/ensayo-agricola-regia-compost/,https://ceresearch.com/wp-content/uploads/2023/10/2223015.-INFORME.-AGRICOLA-REGIA.-COMPOST-CEREZOS-1.pdf
2020-2021,BioAgro,PROBO 53 VF,Cerezo,Regina,2020-2021__BIOAGRO__PROBO_53_VF__CEREZO__REGINA.pdf,https://ceresearch.com/estudios/ensayo-bioagro-probo-53-vf/,https://ceresearch.com/wp-content/uploads/2022/10/BIOAGRO.-PROBO-53-VF.-CANCER-BACTERIAL.pdf
2015-2016,Bioamerica,ERGER,Cerezo,Bing,2015-2016__BIOAMERICA__ERGER__CEREZO__BING.pdf,https://ceresearch.com/estudios/ensayo-bioamerica/,https://ceresearch.com/wp-content/uploads/2022/08/Ensayo-Bioamerica-9cc9f765588cf80cde2e3a99f8b648ee.pdf
2020-2021,Iansa,B PROTECT y SILITEC Q,Cerezo,Regina,2020-2021__IANSA__B_PROTECT_Y_SILITEC_Q__CEREZO__REGINA.pdf,https://ceresearch.com/estudios/ensayo-iansa-b-protect-y-silitec-q/,https://ceresearch.com/wp-content/uploads/2022/09/INFORME.IANSA_.B-PROTECT-Y-SILITEC-Q.REGINA.CEREZOS.2021002.pdf
2015-2016,Kelpak,KELPAK,Cerezo,Lapins,2015-2016__KELPAK__KELPAK__CEREZO__LAPINS.pdf,https://ceresearch.com/estudios/ensayo-kelpak-kelpak-7/,https://ceresearch.com/wp-content/uploads/2023/09/CER.-Kelp-Products.-Kelpak.-Calibre.-Cerezos-Lapins-.2015-2016.pdf
2021-2022,Probo,PROBO 53 VF,Cerezo,Santina,2021-2022__PROBO__PROBO_53_VF__CEREZO__SANTINA.pdf,https://ceresearch.com/estudios/ensayo-probo-probo-53-vf/,https://ceresearch.com/wp-content/uploads/2022/09/2122067.-INFORME.-PROBO-SPA.-PROBO-53-VF.-PRODUCCION-Y-CALIDAD-CEREZOS.pdf
2019-2020,Pucalan,BIOESTABILIZADOS,Cerezo,Bing,2019-2020__PUCALAN__BIOESTABILIZADOS__CEREZO__BING.pdf,https://ceresearch.com/estudios/ensayo-pucalan-bioestabilizados-2/,https://ceresearch.com/wp-content/uploads/2022/09/1819123.-Informe-Ano-2.-Pucalan.-Guanos.-Produccion.-Cerezo-Bing.-2019-2020-2.pdf
2018-2019,Tavan,PROGRAMA TAVAN,Cerezo,Bing,2018-2019__TAVAN__PROGRAMA_TAVAN__CEREZO__BING.pdf,https://ceresearch.com/estudios/ensayo-tavan-programa-tavan-2/,https://ceresearch.com/wp-content/uploads/2022/09/Informe.Tavan_.Programa-Wert.Cerezo-2018-2019.pdf
2018-2019,Tavan,PROGRAMA TAVAN,Cerezo,Bing,2018-2019__TAVAN__PROGRAMA_TAVAN__CEREZO__BING.pdf,https://ceresearch.com/estudios/ensayo-tavan-programa-tavan/,https://ceresearch.com/wp-content/uploads/2022/08/Producto_-Programa-Tavan-79687db558fef56cf0d45e06e94af757.pdf
2015-2016,Valent,HALMARK 75 EC,Vid,Cabernet sauvignon,2015-2016__VALENT__HALMARK_75_EC__VID__CABERNET_SAUVIGNON.pdf,https://ceresearch.com/estudios/ensayo-valent-halmark-75-ec/,https://ceresearch.com/wp-content/uploads/2022/08/Ensayo-Valent-eb71e18f91d678360d383352133c3972.pdf
2018-2019,Agroenzymas,ROOTING,Cerezo,Bing,2018-2019__AGROENZYMAS__ROOTING__CEREZO__BING.pdf,https://ceresearch.com/estudios/ensayo-agroenzymas-rooting-2/,https://ceresearch.com/wp-content/uploads/2022/08/Producto_-Rooting-434e99c99a217495bd33bbeab9cc7e9e.pdf
2021-2022,AgroTrust,PROGRAMA PENERGETIC,Nogal,Chandler,2021-2022__AGROTRUST__PROGRAMA_PENERGETIC__NOGAL__CHANDLER.pdf,https://ceresearch.com/estudios/ensayo-agrotrust-programa-penergetic/,https://ceresearch.com/wp-content/uploads/2022/09/2021224.-INFORME.-AGROTRUST.-PENERGETIC.-ESTRES-HIDRICO-NOGAL.pdf
2014-2015,Anasac,IMPULSO 25 SC Y KREXIM METIL 50 SC,Ciruelo japones,D’Agen,2014-2015__ANASAC__IMPULSO_25_SC_Y_KREXIM_METIL_50_SC__CIRUELO_JAPONES__DAGEN.pdf,https://ceresearch.com/estudios/ensayo-anasac-impulso-25-sc-y-krexim-metil-50-sc/,https://ceresearch.com/wp-content/uploads/2022/08/Ensayo-Anasac-6465d95e3de8bfe71d00c240a7e3629c-1.pdf
2020-2021,BioAgro,PROBO 53 VF,Kiwi,Hayward,2020-2021__BIOAGRO__PROBO_53_VF__KIWI__HAYWARD.pdf,https://ceresearch.com/estudios/ensayo-bioagro-probo-53-vf-2/,https://ceresearch.com/wp-content/uploads/2022/10/BIOAGRO.-PROBO-53-VF.-KIWI.DECAIMIENTO-PRODUCTIVO..pdf
2015-2016,Bioamerica,KENDAL,Cerezo,Sweet heart,2015-2016__BIOAMERICA__KENDAL__CEREZO__SWEET_HEART.pdf,https://ceresearch.com/estudios/ensayo-bioamerica-kendal/,https://ceresearch.com/wp-content/uploads/2022/08/Ensayo-Bioamerica-e57676ac77fe40881fd1b7065f10e717.pdf
2015-2016,Bioamerica,MEGAFOL,Kiwi,Hayward,2015-2016__BIOAMERICA__MEGAFOL__KIWI__HAYWARD.pdf,https://ceresearch.com/estudios/ensayo-bioamerica-megafol/,https://ceresearch.com/wp-content/uploads/2022/08/Ensayo-Bioamerica-1c0bc6251c86194b0828cb1815f86191.pdf
2019-2020,BioApply,Ca APPLY,Cerezo,Lapins,2019-2020__BIOAPPLY__CA_APPLY__CEREZO__LAPINS.pdf,https://ceresearch.com/estudios/ensayo-bioapply-ca-apply-2/,https://ceresearch.com/wp-content/uploads/2022/08/Producto_-CA-Apply-448b69ada6a6ddc83a8a3b5b2f6c1d52.pdf
2021-2022,BioApply,FASE 2 APPLY,Tomate industrial,Pomarola,2021-2022__BIOAPPLY__FASE_2_APPLY__TOMATE_INDUSTRIAL__POMAROLA.pdf,https://ceresearch.com/estudios/ensayo-bioapply-fase-2-apply/,https://ceresearch.com/wp-content/uploads/2022/09/2122168.-INFORME.-BIOAPPLY.-FASE-2.-COLOR-TOMATE-INDUSTRIAL.pdf
2016-2017,Fertum,FERTUM CIRUELO,Ciruelo europeo,D’Agen,2016-2017__FERTUM__FERTUM_CIRUELO__CIRUELO_EUROPEO__DAGEN.pdf,https://ceresearch.com/estudios/ensayo-fertum-fertum-ciruelo-2/,https://ceresearch.com/wp-content/uploads/2022/08/Producto_-Fertum-fee907a5483b0fe2a100cbb07efa0fe5.pdf
2020-2021,FMC,EXIREL SE 100 GL,Nectarín,Artic star,2020-2021__FMC__EXIREL_SE_100_GL__NECTARIN__ARTIC_STAR.pdf,https://ceresearch.com/estudios/ensayo-fmc-exirel-se-100-gl/,https://ceresearch.com/wp-content/uploads/2022/08/Producto_-Exirel-SE-100-GL-363ddded2cfed9c4614f0a6f9c555ccc.pdf
2015-2016,Adama,XC-50 Y CX-10,Cerezo,Rainier,2015-2016__ADAMA__XC-50_Y_CX-10__CEREZO__RAINIER.pdf,https://ceresearch.com/estudios/ensayo-adama-xc-50-y-cx-10/,https://ceresearch.com/wp-content/uploads/2022/08/Ensayo-Adama-7909a45d7a32cb71feac7651feba8d1d.pdf
2015-2016,Aminochem,Bioil-S (pro),Nectarín,Artic snow,2015-2016__AMINOCHEM__BIOIL-S_PRO__NECTARIN__ARTIC_SNOW.pdf,https://ceresearch.com/estudios/ensayo-aminochem-bioil-s-pro-2/,https://ceresearch.com/wp-content/uploads/2022/08/Ensayo-AminoChem-9a03d057c0b9fadf8b82d73579137b02.pdf
2023 – 2024,Corteva Biologicals,STIMULATE FRUIT SIZER,Nectarín,Bright pearl,2023_2024__CORTEVA_BIOLOGICALS__STIMULATE_FRUIT_SIZER__NECTARIN__BRIGHT_PEARL.pdf,https://ceresearch.com/estudios/ensayo-corteva-biologicals-stimulate-fruit-sizer-2/,https://ceresearch.com/wp-content/uploads/2024/10/2324098.-INFORME.-CORTEVA-BIOLOGICALS.-STIMULATE-FRUIT-SIZER.-CALIBRE-NECTARIN.pdf
2019-2020,Nutriprove,SUNCROPS,Manzano,Pink lady,2019-2020__NUTRIPROVE__SUNCROPS__MANZANO__PINK_LADY.pdf,https://ceresearch.com/estudios/ensayo-nutriprove-suncrops/,https://ceresearch.com/wp-content/uploads/2022/09/1920126.-Informe-Nutriprove-Suncrops.-Manzano-Pink-Lady.-2019-2020.pdf
2019-2020,Point Americas,PROPULSE,Cerezo,Royal dawn,2019-2020__POINT_AMERICAS__PROPULSE__CEREZO__ROYAL_DAWN.pdf,https://ceresearch.com/estudios/ensayo-point-americas-propulse/,https://ceresearch.com/wp-content/uploads/2022/09/1920057.-Point-Americas.-Propulse.-Cuaja.-2019-2020.pdf
2020-2021,Stoller,PROSTART PLUS,Cerezo,Santina,2020-2021__STOLLER__PROSTART_PLUS__CEREZO__SANTINA.pdf,https://ceresearch.com/estudios/ensayo-stoller-prostart-plus-6/,https://ceresearch.com/wp-content/uploads/2022/09/INFORME.STOLLER.PROSTART-PLUS.SANTINA-CEREZOS.2021013.pdf
2016-2017,SummitAgro,MIMIC 2F,Vid,Cabernet sauvignon,2016-2017__SUMMITAGRO__MIMIC_2F__VID__CABERNET_SAUVIGNON.pdf,https://ceresearch.com/estudios/ensayo-summitagro-mimic-2f/,https://ceresearch.com/wp-content/uploads/2022/08/Producto_-Mimic-f6659bb07c4d284d38ec8d0d398cc381.pdf
2019-2020,Tattersall/Daymsa,SYNCRON,Cerezo,Santina,2019-2020__TATTERSALL_DAYMSA__SYNCRON__CEREZO__SANTINA.pdf,https://ceresearch.com/estudios/ensayo-tattersall-daymsa-syncron/,https://ceresearch.com/wp-content/uploads/2022/08/Producto_-Syncron-76f842c4d0ad59d71f46798557499c66.pdf
2015-2016,Valent,ADMIRAL 10 EC,Vid,Cabernet sauvignon,2015-2016__VALENT__ADMIRAL_10_EC__VID__CABERNET_SAUVIGNON.pdf,https://ceresearch.com/estudios/ensayo-valent-admiral-10-ec/,https://ceresearch.com/wp-content/uploads/2022/08/Ensayo-Valent-a8d30534e39f25912843a4775bbeb15e.pdf
2019-2020,AgroTrust,PENERGETIC,Uva de mesa,Crimson seedless,2019-2020__AGROTRUST__PENERGETIC__UVA_DE_MESA__CRIMSON_SEEDLESS.pdf,https://ceresearch.com/estudios/ensayo-agrotrust-penergetic/,https://ceresearch.com/wp-content/uploads/2022/09/1920247-Informe.-CER.-Agrotrust.-Penergetic.-Vid-Crimson.-2019-2020.pdf
2015-2016,Cosmocel,MAXI-GROW EXCEL,Cerezo,Bing,2015-2016__COSMOCEL__MAXI-GROW_EXCEL__CEREZO__BING.pdf,https://ceresearch.com/estudios/ensayo-cosmocel-maxi-grow-excel/,https://ceresearch.com/wp-content/uploads/2022/08/Cosmocel-6c316717472fac33ca0ba33042f34063.pdf
2015-2016,Fertum,FARTUM ANTICRACKING Y FARTUM SILICIUM PK,Cerezo,Bing,2015-2016__FERTUM__FARTUM_ANTICRACKING_Y_FARTUM_SILICIUM_PK__CEREZO__BING.pdf,https://ceresearch.com/estudios/ensayo-fertum-fartum-anticracking-y-fartum-silicium-pk/,https://ceresearch.com/wp-content/uploads/2022/08/Ensayo-Fertum-906cd5a09ab9cba436ea06f0cc4634c9.pdf
2014-2016,Kelpak,KELPAK,Cerezo,Bing,2014-2016__KELPAK__KELPAK__CEREZO__BING.pdf,https://ceresearch.com/estudios/ensayo-kelpak-kelpak-8/,https://ceresearch.com/wp-content/uploads/2023/07/Ureta-Atenas-2019.pdf
2020-2021,NS Agro,HYDRA HUME,Cerezo,Santina,2020-2021__NS_AGRO__HYDRA_HUME__CEREZO__SANTINA.pdf,https://ceresearch.com/estudios/ensayo-ns-agro-hydra-hume/,https://ceresearch.com/wp-content/uploads/2022/09/2021021.HYDRA-HUME.CALIDAD-SUELO.NSAGRO-CEREZO.-INFORME.2020-2021.pdf
2019-2020,Point Americas,PROPULSE,Cerezo,Skeena,2019-2020__POINT_AMERICAS__PROPULSE__CEREZO__SKEENA.pdf,https://ceresearch.com/estudios/ensayo-point-americas-propulse-2/,https://ceresearch.com/wp-content/uploads/2022/09/1920065.-Point-Americas.-Propulse.-Cuaja.-Skeena.2019-2020.pdf
2022-2023,Stoller,STIMULATE FRUIT SIZER,Cerezo,Santina,2022-2023__STOLLER__STIMULATE_FRUIT_SIZER__CEREZO__SANTINA.pdf,https://ceresearch.com/estudios/ensayo-stoller-stimulate-fruit-sizer/,https://ceresearch.com/wp-content/uploads/2023/08/2223074.-INFORME.-STOLLER.-STIMULATE-FRUIT-SIZER.-CALIDAD-DE-FRUTA-CEREZO.pdf
2018-2019,Vals,NITROBRAKE,Cerezo,Lapins,2018-2019__VALS__NITROBRAKE__CEREZO__LAPINS.pdf,https://ceresearch.com/estudios/ensayo-vals-nitrobrake-8/,https://ceresearch.com/wp-content/uploads/2022/08/Producto_-Nitrobrake-774945197b61000b32363ed4a2d02a30.pdf
2019-2020,ActiGen,ACTIGEN,Nogal,Chandler,2019-2020__ACTIGEN__ACTIGEN__NOGAL__CHANDLER.pdf,https://ceresearch.com/estudios/ensayo-actigen-actigen/,https://ceresearch.com/wp-content/uploads/2022/09/Informe-ActiGen-Nogal-Chandler-2018-2020-Final^L.pdf
2015-2016,Aminochem,BIOIL-S (PRO),Nectarín,Artic snow,2015-2016__AMINOCHEM__BIOIL-S_PRO__NECTARIN__ARTIC_SNOW.pdf,https://ceresearch.com/estudios/ensayo-aminochem-bioil-s-pro-3/,https://ceresearch.com/wp-content/uploads/2022/08/Ensayo-AminoChem-b44fa2b568ca1cfef64d1d56ef197e38.pdf
NA,BioApply,BAC APPLY,NA,NA,NA__BIOAPPLY__BAC_APPLY__NA__NA.pdf,https://ceresearch.com/estudios/ensayo-bioapply-bac-apply/,https://ceresearch.com/wp-content/uploads/2022/09/914.568-A.FITOPATOLOGIA.BIO-APPLY.-Biocontrol-Ps.-1.pdf
2020-2021,BioApply,TENS ZOLAR,Ciruelo japones,Angeleno,2020-2021__BIOAPPLY__TENS_ZOLAR__CIRUELO_JAPONES__ANGELENO.pdf,https://ceresearch.com/estudios/ensayo-bioapply-tens-zolar/,https://ceresearch.com/wp-content/uploads/2022/09/2021111.BIOAPPLY.TENS-ZOLAR.CIRUELO.ANGELENO..pdf
2022-2023,Biogrow,CITOBLOOM,Cerezo,Lapins,2022-2023__BIOGROW__CITOBLOOM__CEREZO__LAPINS.pdf,https://ceresearch.com/estudios/ensayo-biogrow-citobloom/,https://ceresearch.com/wp-content/uploads/2023/08/2223050.-INFORME.-BIOGROW.-CITOBLOOM.-PRODUCCION-CEREZO.pdf
2018-2019,SUMMITAGRO,"KENJA, KALIGREEN, YAMATO",Cerezo,Santina,2018-2019__SUMMITAGRO__KENJA_KALIGREEN_YAMATO__CEREZO__SANTINA.pdf,https://ceresearch.com/estudios/ensayo-summitagro-kenja-kaligreen-y-yamato/,https://ceresearch.com/wp-content/uploads/2023/07/1819178-Informe-Summit-Agro-Cerezo-Santina-V2-1.pdf
2016-2017,Adama,"ORIUS 43 SC, CAPTAN 80 WG Y CAPTAN 83 WP",Durazno,Pomona,2016-2017__ADAMA__ORIUS_43_SC_CAPTAN_80_WG_Y_CAPTAN_83_WP__DURAZNO__POMONA.pdf,https://ceresearch.com/estudios/ensayo-adama-orius-43-sc-captan-80-wg-y-captan-83-wp/,https://ceresearch.com/wp-content/uploads/2022/08/Producto_-Orius-43-SC-2a9059f426ef7204d43fc5e29aba8189.pdf
2020-2021,Bayer,BAYFOLAN,Cerezo,Lapins,2020-2021__BAYER__BAYFOLAN__CEREZO__LAPINS.pdf,https://ceresearch.com/estudios/ensayo-bayer-bayfolan/,https://ceresearch.com/wp-content/uploads/2022/10/INFORME.BAYER_.BAYFOLAN.CEREZO..pdf
2015-2016,BioAtlantis,SUPERFIFTY,Arándano,Star,2015-2016__BIOATLANTIS__SUPERFIFTY__ARANDANO__STAR.pdf,https://ceresearch.com/estudios/ensayo-bioatlantis-superfifty-2/,https://ceresearch.com/wp-content/uploads/2022/08/Ensayo-Zimex-bae292484a9f54b48d3034599c9f4f61.pdf
2019-2020,Fertum,PROGRAMA POSCOSECHA,Cerezo,Lapins,2019-2020__FERTUM__PROGRAMA_POSCOSECHA__CEREZO__LAPINS.pdf,https://ceresearch.com/estudios/ensayo-fertum-programa-poscosecha-2/,https://ceresearch.com/wp-content/uploads/2022/08/Producto_-Fertum-be145fc3abc1e91c5e2cf2c695f3e977.pdf
2017-2018,Humic,ZHIMAD,Ciruelo japonés,Angeleno,2017-2018__HUMIC__ZHIMAD__CIRUELO_JAPONES__ANGELENO.pdf,https://ceresearch.com/estudios/ensayo-humic-zhimad-2/,https://ceresearch.com/wp-content/uploads/2022/08/Producto_-Portaliq-bd70ce770803acdda10bb74b462276ab-1.pdf
2021-2022,Tattersall / Daymsa,SYNCRON,Cerezo,Santina,2021-2022__TATTERSALL_DAYMSA__SYNCRON__CEREZO__SANTINA.pdf,https://ceresearch.com/estudios/ensayo-tattersall-daymsa-syncron-5/,https://ceresearch.com/wp-content/uploads/2022/09/2122018.-INFORME.-TATTERSALL-DAYMSA.-SYNCRON.-DORMANCIA-CEREZO-SANTINA.pdf
2014-2015,Valent,RETAIN,Cerezo,Bing,2014-2015__VALENT__RETAIN__CEREZO__BING.pdf,https://ceresearch.com/estudios/ensayo-valent/,https://ceresearch.com/wp-content/uploads/2022/08/49-CER.-Valent.-Retain-Cerezos-Bing.-San-Francisco.-2014-2015.pdf
2021 – 2023,TATTERSALL,SURROUND,Cerezo,Regina,2021_2023__TATTERSALL__SURROUND__CEREZO__REGINA.pdf,https://ceresearch.com/estudios/ensayo-actigen-actigen-2/,https://ceresearch.com/wp-content/uploads/2023/10/2122170.-INFORME.-TATTERSALL.-SURROUND.-BLOQUEADOR-SOLAR-CEREZO-2.pdf
2018-2019,Adama,EXEL MAX Y EXEL GROW,Cerezo,Bing,2018-2019__ADAMA__EXEL_MAX_Y_EXEL_GROW__CEREZO__BING.pdf,https://ceresearch.com/estudios/ensayo-adama-exel-max-y-exel-grow/,https://ceresearch.com/wp-content/uploads/2022/08/xx-2ae9dcb29278f3e154ae9477d2e2ae02.pdf
2018-2019,BioApply,CA APPLY – FASE 2 – STICK,Uva de mesa,Krissy,2018-2019__BIOAPPLY__CA_APPLY_FASE_2_STICK__UVA_DE_MESA__KRISSY.pdf,https://ceresearch.com/estudios/ensayo-bioapply-ca-apply-fase-2-stick/,https://ceresearch.com/wp-content/uploads/2022/09/1819144-Informe.-Bioaplly.-Caapply.-Fase2.Stick_.-Uva-de-mesa.Krissy.2018-2019.pdf
2015-2016,Kelpak,KELPAK,Almendro,Non pareil,2015-2016__KELPAK__KELPAK__ALMENDRO__NON_PAREIL.pdf,https://ceresearch.com/estudios/ensayo-kelpak-kelpak/,https://ceresearch.com/wp-content/uploads/2022/08/Ensayo-Kelpak-7bdd31911bc1fc2e62be8ace917a320d.pdf
2019-2020,Stoller,FLOWER POWER,Cerezo,Bing,2019-2020__STOLLER__FLOWER_POWER__CEREZO__BING.pdf,https://ceresearch.com/estudios/ensayo-stoller-flower-power-2/,https://ceresearch.com/wp-content/uploads/2022/09/1920067.-Informe-Flower-Power.-Stoller.-2019-2020.pdf
2021-2022,Tattersall / Daymsa,SYNCRON,Cerezo,Lapins,2021-2022__TATTERSALL_DAYMSA__SYNCRON__CEREZO__LAPINS.pdf,https://ceresearch.com/estudios/ensayo-tattersall-daymsa-syncron-6/,https://ceresearch.com/wp-content/uploads/2022/09/2122019.-INFORME.-TATTERSALL.-DAYMSA.-SYNCRON.-DORMANCIA-CEREZO-LAPINS.pdf
2017-2018,Vals,NITROBRAKE,Ciruelo japonés,Black kat,2017-2018__VALS__NITROBRAKE__CIRUELO_JAPONES__BLACK_KAT.pdf,https://ceresearch.com/estudios/ensayo-vals-nitrobrake-9/,https://ceresearch.com/wp-content/uploads/2022/08/Producto_-Nitrobrake-aa5974f5e80e5bb7fe4a5d14c03ea5d2.pdf
2023 – 2024,Agrícola Terra,SPURT-L y SPURT-L DUST,Cerezo,Kordia,2023_2024__AGRICOLA_TERRA__SPURT-L_Y_SPURT-L_DUST__CEREZO__KORDIA.pdf,https://ceresearch.com/estudios/ensayo-agricola-terra-spurt-l-y-spurt-l-dust/,https://ceresearch.com/wp-content/uploads/2024/10/2324049.-INFORME.-AGRICOLA-TERRA.-SPURT-L.RENDIMIENTO-Y-CALIDAD-CEREZOS-V2.pdf
2016-2017,AgroSupport,PHOTON KOLOR,Uva de mesa,Timco,2016-2017__AGROSUPPORT__PHOTON_KOLOR__UVA_DE_MESA__TIMCO.pdf,https://ceresearch.com/estudios/ensayo-agrosupport-photon-kolor/,https://ceresearch.com/wp-content/uploads/2022/08/Producto_-Photon-Kolor-d13635054b5a66e245f3edb254fe71fb.pdf
2020-2021,BioAmerica,CITOFOUR,Cerezo,Bing,2020-2021__BIOAMERICA__CITOFOUR__CEREZO__BING.pdf,https://ceresearch.com/estudios/ensayo-bioamerica-citofour-3/,https://ceresearch.com/wp-content/uploads/2022/09/INFORME.-CITOFOUR.-BIOAMERICA-CEREZO-2021085.pdf
2015-2016,Gruindag,REDFRUITS,Ciruelo europeo,D’Agen,2015-2016__GRUINDAG__REDFRUITS__CIRUELO_EUROPEO__DAGEN.pdf,https://ceresearch.com/estudios/ensayo-gruindag-redfruits/,https://ceresearch.com/wp-content/uploads/2022/08/Ciruelo-Europeo-0e7e01e446ffefd4105076a93b0dcad6.pdf
2017-2018,Humic,POTALIQ,Cerezo,Santina,2017-2018__HUMIC__POTALIQ__CEREZO__SANTINA.pdf,https://ceresearch.com/estudios/ensayo-humic-potaliq/,https://ceresearch.com/wp-content/uploads/2022/08/Producto_-Portaliq-6c8e69fe8d0d511cd5eedca81706bec6.pdf
2023 – 2024,Rad,RAD BOOSTS,Cerezos,Lapins,2023_2024__RAD__RAD_BOOSTS__CEREZOS__LAPINS.pdf,https://ceresearch.com/estudios/ensayo-rad-rad-boosts/,https://ceresearch.com/wp-content/uploads/2024/10/2324167.-INFORME.-RAD.-RAD-BOOSTS.-PRODUCTIVIDAD-CEREZO-1.pdf
2015-2016,Stoller,PROSTART PLUS,Cerezo,Royal dawn,2015-2016__STOLLER__PROSTART_PLUS__CEREZO__ROYAL_DAWN.pdf,https://ceresearch.com/estudios/ensayo-stoller-prostart-plus/,https://ceresearch.com/wp-content/uploads/2022/08/Ensayo-Stoller-0f0995072842a5098211e766119a1537.pdf
2016-2017,Syngenta,PROCLAIM FORTE,Vid,Cabernet sauvignon,2016-2017__SYNGENTA__PROCLAIM_FORTE__VID__CABERNET_SAUVIGNON.pdf,https://ceresearch.com/estudios/ensayo-syngenta-proclaim-forte/,https://ceresearch.com/wp-content/uploads/2022/08/Ensayo-Syngenta-b260bcabc1ab05b2e661de256a4e4b0f-1.pdf
2015-2016,Valent,DANITOL 10 EC,Vid,Cabernet sauvignon,2015-2016__VALENT__DANITOL_10_EC__VID__CABERNET_SAUVIGNON.pdf,https://ceresearch.com/estudios/ensayo-valent-danitol-10-ec/,https://ceresearch.com/wp-content/uploads/2022/08/Ensayo-Valent-158bf6257f8f6f97abddebce01306a92.pdf
2016-2017,Vals,NITROBRAKE,Cerezo,Lapins,2016-2017__VALS__NITROBRAKE__CEREZO__LAPINS.pdf,https://ceresearch.com/estudios/ensayo-vals-nitrobrake-2/,https://ceresearch.com/wp-content/uploads/2022/08/Ensayo-Vals-5cfe3e171947457f22be86c96563ef74.pdf
2015-2016,Adama,CORMORAN EC,Nogal,Chandler,2015-2016__ADAMA__CORMORAN_EC__NOGAL__CHANDLER.pdf,https://ceresearch.com/estudios/ensayo-adama-cormoran-ec/,https://ceresearch.com/wp-content/uploads/2022/09/Ensayo-Adama-7c7cc8f5e954006778be6f7f05f02f0e.pdf
2015-2016,Aminochem,Bioil-S (pro),Nogal,Chandler,2015-2016__AMINOCHEM__BIOIL-S_PRO__NOGAL__CHANDLER.pdf,https://ceresearch.com/estudios/ensayo-aminochem-bioil-s-pro-4/,https://ceresearch.com/wp-content/uploads/2022/07/Ensayo-AminoChem-e6a1c90afda075dfb634af7b4d6c9243.pdf
2019-2020,BioAmerica,CITOFOUR,Cerezo,Bing,2019-2020__BIOAMERICA__CITOFOUR__CEREZO__BING.pdf,https://ceresearch.com/estudios/ensayo-bioamerica-citofour-2/,https://ceresearch.com/wp-content/uploads/2022/09/1920041.-Informe-Citofour.-Bioamerica.-2019-2020.pdf
2018-2019,BioAmerica,CITOFOUR,Cerezo,Lapins,2018-2019__BIOAMERICA__CITOFOUR__CEREZO__LAPINS.pdf,https://ceresearch.com/estudios/ensayo-bioamerica-citofour/,https://ceresearch.com/wp-content/uploads/2022/09/Informe-Bioamerica-Citofour-2018-2019.pdf
2017-2018,Compo expert,BASFOLIAR KELP,Cerezo,Bing,2017-2018__COMPO_EXPERT__BASFOLIAR_KELP__CEREZO__BING.pdf,https://ceresearch.com/estudios/ensayo-compo-expert-basfoliar-kelp/,https://ceresearch.com/wp-content/uploads/2022/08/Producto_-Basfoliar-Kelp-065c3f3f1267dd2e6fe84149d9161bb0.pdf
2018-2019,Kelpak,KELPAK,Nogal,Chandler,2018-2019__KELPAK__KELPAK__NOGAL__CHANDLER.pdf,https://ceresearch.com/estudios/ensayo-kelpak-kelpak-4/,https://ceresearch.com/wp-content/uploads/2022/09/Informe-Kelp-Kelpak-Nogal.-Chandler-2018-2019-1.pdf
2020-2021,Tattersall / Daymsa,SYNCRON,Cerezo,Santina,2020-2021__TATTERSALL_DAYMSA__SYNCRON__CEREZO__SANTINA.pdf,https://ceresearch.com/estudios/ensayo-tattersall-daymsa-syncron-4/,https://ceresearch.com/wp-content/uploads/2022/09/2021010.TATTERSALL-DAYMSA.-SYNCRON.-SANTINA.-INFORME..pdf
2016-2017,Tavan,SPRINT COLOR,Nectarín,Giant pearl,2016-2017__TAVAN__SPRINT_COLOR__NECTARIN__GIANT_PEARL.pdf,https://ceresearch.com/estudios/ensayo-tavan-sprint-color/,https://ceresearch.com/wp-content/uploads/2022/08/Producto_-Sprint-Color-f8861cba169e4a4e73efe49fc9ef1066.pdf
2015-2016,Valent,SUNNY,Cerezo,Lapins,2015-2016__VALENT__SUNNY__CEREZO__LAPINS.pdf,https://ceresearch.com/estudios/ensayo-valent-sunny/,https://ceresearch.com/wp-content/uploads/2022/08/Ensayo-Valent-9edd9834f32512f866df2b2d7cd851a2.pdf
2021-2022,Agrospec,"ESPIRODICLOFEN 240 SC, LAS MEZCLAS DE ESPIRODICLOFEN CON BIFENTRIN 100 EC Y ABAMECTINA",Nogal,Chandler,2021-2022__AGROSPEC__ESPIRODICLOFEN_240_SC_LAS_MEZCLAS_DE_ESPIRODICLOFEN_CON_BIFENTRIN_100_EC_Y_ABAMECTINA__NOGAL__CHANDLER.pdf,https://ceresearch.com/estudios/ensayo-agrospec-espirodiclofen-240-sc-las-mezclas-de-espirodiclofen-con-bifentrin-100-ec-y-abamectina/,https://ceresearch.com/wp-content/uploads/2023/04/2122105.-INFORME.-AGROSPEC.-ESPIRODICLOFEN-240-SC.-ACARICIDA-TETRANYCHUS-NOGAL-V3-1-1.pdf
2020-2021,BioAgro,PROBO 53 VF,Cerezo,Bing,2020-2021__BIOAGRO__PROBO_53_VF__CEREZO__BING.pdf,https://ceresearch.com/estudios/ensayo-bioagro-probo-53-vf-3/,https://ceresearch.com/wp-content/uploads/2022/10/BIOAGRO.-PROBO-53-VF.-VIROSIS.DESORDEN.FISIOLOGICO.pdf
2022 – 2023,Nutriprove,OASIS,Cerezo,Regina,2022_2023__NUTRIPROVE__OASIS__CEREZO__REGINA.pdf,https://ceresearch.com/estudios/ensayo-nutriprove-oasis/,https://ceresearch.com/wp-content/uploads/2023/08/2223088.-INFORME.-NUTRIPROVE.-OASIS.-ESTRES-CEREZO-2.pdf
2020-2021,Stoller,BIO-HOLD,Cerezo,Bing,2020-2021__STOLLER__BIO-HOLD__CEREZO__BING.pdf,https://ceresearch.com/estudios/ensayo-stoller-bio-hold-2/,https://ceresearch.com/wp-content/uploads/2022/09/INFORME.STOLLER.BIO-HOLD.-CEREZOS.2021087.pdf
2018-2019,Tequia,NA,Especies vegetales,NA,2018-2019__TEQUIA__NA__ESPECIES_VEGETALES__NA.pdf,https://ceresearch.com/estudios/ensayo-tequia/,https://ceresearch.com/wp-content/uploads/2022/08/Producto_-TCAS-4d90d2da76ae6cd32f596367371f2c22.pdf
2024-2025,Bioagro,FOSFIREND,Uva de mesa,"Jack`s Salute, Sweet favors, Sweet celebration",2024-2025__BIOAGRO__FOSFIREND__UVA_DE_MESA__JACK_S_SALUTE_SWEET_FAVORS_SWEET_CELEBRATION.pdf,https://ceresearch.com/estudios/ensayo-bioagro-fosfirend/,https://ceresearch.com/wp-content/uploads/2025/10/2425226.-INFORME.-BIOAGRO.-FOSFIREND.-DETECCION-DE-RESIDUOS-UVA-V3.pdf
2018-2019,Fertum,PROGRAMA POSCOSECHA,Cerezo,Lapins,2018-2019__FERTUM__PROGRAMA_POSCOSECHA__CEREZO__LAPINS.pdf,https://ceresearch.com/estudios/ensayo-fertum-programa-poscosecha/,https://ceresearch.com/wp-content/uploads/2022/08/Producto_-Fertum-programa-70f04f2d6dd8fa6c409916fe510fbf19.pdf
2015-2016,Gruindag,REDFRUITS,Cerezo,Bing,2015-2016__GRUINDAG__REDFRUITS__CEREZO__BING.pdf,https://ceresearch.com/estudios/ensayo-gruindag-redfruits-2/,https://ceresearch.com/wp-content/uploads/2022/08/Gruidag-7bdd37c5f7d9c4265d4554f243888981-1.pdf
2015-2016,Valent,DIPEL WG,Vid,Cabernet sauvignon,2015-2016__VALENT__DIPEL_WG__VID__CABERNET_SAUVIGNON.pdf,https://ceresearch.com/estudios/ensayo-valent-dipel-wg/,https://ceresearch.com/wp-content/uploads/2022/08/Ensayo-Valent-2a7ffd1da9ace51a2134eb7fd7e688de.pdf
2015-2016,Kelpak,KELPAK,Cerezo,Bing,2015-2016__KELPAK__KELPAK__CEREZO__BING.pdf,https://ceresearch.com/estudios/ensayo-kelpak-kelpak-2/,https://ceresearch.com/wp-content/uploads/2022/08/Ensayo-Kelpak-58ee314a58c05a594d71c1ee811a8b23.pdf
